{"circle": {"means": {"training_time": 33.142648458480835, "eval_loss": 0.43628886601199274, "inference_time": 2.8259692192077637, "kl_divergence": 0.34701563804861324}}, "dino": {"means": {"training_time": 33.474331855773926, "eval_loss": 0.6598542108560157, "inference_time": 2.859349250793457, "kl_divergence": 1.0660742675916524}}, "line": {"means": {"training_time": 32.75376915931702, "eval_loss": 0.8050271620226028, "inference_time": 2.8493897914886475, "kl_divergence": 0.1695499485951485}}, "moons": {"means": {"training_time": 33.876572608947754, "eval_loss": 0.6143505048111576, "inference_time": 2.756042242050171, "kl_divergence": 0.08972471060095735}}}