{"circle": {"means": {"training_time": 36.14060163497925, "eval_loss": 0.3314921183278189, "inference_time": 2.770906925201416, "kl_divergence": 0.8724071697081917, "mode_accuracy": 0.9871123721227621}}, "dino": {"means": {"training_time": 37.071200370788574, "eval_loss": 0.49548393655615997, "inference_time": 2.6938908100128174, "kl_divergence": 1.6081790104624918, "mode_accuracy": 0.9991608056265985}}, "line": {"means": {"training_time": 36.4845175743103, "eval_loss": 0.7029794914948057, "inference_time": 2.647557258605957, "kl_divergence": 0.21535875104273333, "mode_accuracy": 0.9998401534526854}}, "moons": {"means": {"training_time": 35.86672854423523, "eval_loss": 0.5386650665184421, "inference_time": 2.648313045501709, "kl_divergence": 0.2580689579716949, "mode_accuracy": 0.99967431259887}}}