{"circle": {"means": {"training_time": 20.24185609817505, "eval_loss": 0.44096471975221657, "inference_time": 0.14136838912963867, "kl_divergence": 0.3621044213598059}}, "dino": {"means": {"training_time": 20.202303171157837, "eval_loss": 0.6558677006865401, "inference_time": 0.1484973430633545, "kl_divergence": 1.1081036612584125}}, "line": {"means": {"training_time": 20.55124592781067, "eval_loss": 0.8045763059345352, "inference_time": 0.14655637741088867, "kl_divergence": 0.16582096675603333}}, "moons": {"means": {"training_time": 20.414017915725708, "eval_loss": 0.6143199442445165, "inference_time": 0.1282658576965332, "kl_divergence": 0.09462049030485686}}}