{"circle": {"means": {"training_time": 46.76845741271973, "eval_loss": 0.43518765320253494, "inference_time": 6.127393960952759, "kl_divergence": 0.34880727423585856}}, "dino": {"means": {"training_time": 40.16603970527649, "eval_loss": 0.6595586957529073, "inference_time": 6.327647924423218, "kl_divergence": 1.2394228062048738}}, "line": {"means": {"training_time": 40.01191306114197, "eval_loss": 0.8025987755002268, "inference_time": 6.407496929168701, "kl_divergence": 0.1614202109178404}}, "moons": {"means": {"training_time": 39.95355033874512, "eval_loss": 0.6147089846756147, "inference_time": 6.302647829055786, "kl_divergence": 0.1016247447278531}}}