{"final_train_loss": 0.006551526021212339, "final_val_loss": 0.008171934634447098, "final_train_acc": 1.0, "final_val_acc": 1.0, "step_val_acc_99": 4450}