{"final_train_loss": 0.002919218735769391, "final_val_loss": 0.0030706580728292465, "final_train_acc": 1.0, "final_val_acc": 1.0, "step_val_acc_99": 2780}