{"final_train_loss": 0.006418116390705109, "final_val_loss": 0.007187040988355875, "final_train_acc": 1.0, "final_val_acc": 1.0, "step_val_acc_99": 2760}