{"final_train_loss": 0.006725955754518509, "final_val_loss": 0.008379784412682056, "final_train_acc": 1.0, "final_val_acc": 1.0, "step_val_acc_99": 4150}