{"final_train_loss": 0.04657044634222984, "final_val_loss": 0.040248505771160126, "final_train_acc": 0.9994140863418579, "final_val_acc": 0.998779296875, "step_val_acc_99": 4000}