{"final_train_loss": 0.24781866371631622, "final_val_loss": 7.073916435241699, "final_train_acc": 0.960742175579071, "final_val_acc": 0.013916015625, "step_val_acc_99": 7500}