{"final_train_loss": 0.0048215645365417, "final_val_loss": 0.005267858039587736, "final_train_acc": 1.0, "final_val_acc": 1.0, "step_val_acc_99": 3100}