{"final_train_loss": 0.010960386134684086, "final_val_loss": 7.835013389587402, "final_train_acc": 1.0, "final_val_acc": 0.01220703125, "step_val_acc_99": 7500}