{"x_div_y": {"means": {"final_train_loss_mean": 0.004871344581867258, "final_val_loss_mean": 0.006240933357427518, "final_train_acc_mean": 1.0, "final_val_acc_mean": 1.0, "step_val_acc_99_mean": 4626.666666666667}, "stderrs": {"final_train_loss_stderr": 0.0005923905472075728, "final_val_loss_stderr": 0.0008191726246696136, "final_train_acc_stderr": 0.0, "final_val_acc_stderr": 0.0, "step_val_acc_99_stderr": 87.78480984490524}, "final_info_dict": {"final_train_loss": [0.007296571042388678, 0.003087578108534217, 0.004229884594678879], "final_val_loss": [0.009479579515755177, 0.0035296077840030193, 0.005713612772524357], "final_train_acc": [1.0, 1.0, 1.0], "final_val_acc": [1.0, 1.0, 1.0], "step_val_acc_99": [4970, 4330, 4580]}}, "x_minus_y": {"means": {"final_train_loss_mean": 0.019431085791438818, "final_val_loss_mean": 0.01802562673886617, "final_train_acc_mean": 0.999804695447286, "final_val_acc_mean": 0.9995930989583334, "step_val_acc_99_mean": 4036.6666666666665}, "stderrs": {"final_train_loss_stderr": 0.006399565579243576, "final_val_loss_stderr": 0.005249156496010228, "final_train_acc_stderr": 9.206744908046408e-05, "final_val_acc_stderr": 0.0001918149905562466, "step_val_acc_99_stderr": 107.85220797662002}, "final_info_dict": {"final_train_loss": [0.006551526021212339, 0.005171285010874271, 0.04657044634222984], "final_val_loss": [0.008171934634447098, 0.005656439810991287, 0.040248505771160126], "final_train_acc": [1.0, 1.0, 0.9994140863418579], "final_val_acc": [1.0, 1.0, 0.998779296875], "step_val_acc_99": [4450, 3660, 4000]}}, "x_plus_y": {"means": {"final_train_loss_mean": 0.004918494572242101, "final_val_loss_mean": 0.005370947609966, "final_train_acc_mean": 1.0, "final_val_acc_mean": 1.0, "step_val_acc_99_mean": 3003.3333333333335}, "stderrs": {"final_train_loss_stderr": 0.00039561509856129567, "final_val_loss_stderr": 0.0004808636006192826, "final_train_acc_stderr": 0.0, "final_val_acc_stderr": 0.0, "step_val_acc_99_stderr": 57.756406303853446}, "final_info_dict": {"final_train_loss": [0.003515802789479494, 0.006418116390705109, 0.0048215645365417], "final_val_loss": [0.0036579438019543886, 0.007187040988355875, 0.005267858039587736], "final_train_acc": [1.0, 1.0, 1.0], "final_val_acc": [1.0, 1.0, 1.0], "step_val_acc_99": [3150, 2760, 3100]}}, "permutation": {"means": {"final_train_loss_mean": 0.11279235469798247, "final_val_loss_mean": 7.400318304697673, "final_train_acc_mean": 0.9848307172457377, "final_val_acc_mean": 0.013997395833333334, "step_val_acc_99_mean": 7500.0}, "stderrs": {"final_train_loss_stderr": 0.032548412275061785, "final_val_loss_stderr": 0.15544424321218933, "final_train_acc_stderr": 0.005733439589246052, "final_val_acc_stderr": 0.0013622916156130337, "step_val_acc_99_stderr": 0.0}, "final_info_dict": {"final_train_loss": [0.24781866371631622, 0.02022305689752102, 0.07033534348011017], "final_val_loss": [7.073916435241699, 8.05980110168457, 7.067237377166748], "final_train_acc": [0.960742175579071, 0.999804675579071, 0.993945300579071], "final_val_acc": [0.013916015625, 0.009033203125, 0.01904296875], "step_val_acc_99": [7500, 7500, 7500]}}}