{"final_train_loss": 0.003515802789479494, "final_val_loss": 0.0036579438019543886, "final_train_acc": 1.0, "final_val_acc": 1.0, "step_val_acc_99": 3150}