{"final_train_loss": 0.007627887185662985, "final_val_loss": 0.009244545362889767, "final_train_acc": 1.0, "final_val_acc": 1.0, "step_val_acc_99": 4790}