{"x_div_y": {"means": {"final_train_loss_mean": 0.006723145178208749, "final_val_loss_mean": 0.008728184426824251, "final_train_acc_mean": 1.0, "final_val_acc_mean": 1.0, "step_val_acc_99_mean": 4653.333333333333}, "stderrs": {"final_train_loss_stderr": 0.0001038973245577715, "final_val_loss_stderr": 0.00027907320240694956, "final_train_acc_stderr": 0.0, "final_val_acc_stderr": 0.0, "step_val_acc_99_stderr": 122.03015211287477}, "final_info_dict": {"final_train_loss": [0.006340004503726959, 0.007103475276380777, 0.006725955754518509], "final_val_loss": [0.0079224007204175, 0.0098823681473732, 0.008379784412682056], "final_train_acc": [1.0, 1.0, 1.0], "final_val_acc": [1.0, 1.0, 1.0], "step_val_acc_99": [5010, 4800, 4150]}}, "x_minus_y": {"means": {"final_train_loss_mean": 0.09787403683488567, "final_val_loss_mean": 0.05144678521901369, "final_train_acc_mean": 0.9902994831403097, "final_val_acc_mean": 0.996826171875, "step_val_acc_99_mean": 4393.333333333333}, "stderrs": {"final_train_loss_stderr": 0.04314070091240193, "final_val_loss_stderr": 0.02034505323717299, "final_train_acc_stderr": 0.004572867501667652, "final_val_acc_stderr": 0.0014961569263387236, "step_val_acc_99_stderr": 245.73899633755252}, "final_info_dict": {"final_train_loss": [0.005095533095300198, 0.28089869022369385, 0.007627887185662985], "final_val_loss": [0.00733928382396698, 0.13775652647018433, 0.009244545362889767], "final_train_acc": [1.0, 0.970898449420929, 1.0], "final_val_acc": [1.0, 0.990478515625, 1.0], "step_val_acc_99": [5030, 3360, 4790]}}, "x_plus_y": {"means": {"final_train_loss_mean": 0.004975058215980728, "final_val_loss_mean": 0.005385758665700753, "final_train_acc_mean": 1.0, "final_val_acc_mean": 1.0, "step_val_acc_99_mean": 2370.0}, "stderrs": {"final_train_loss_stderr": 0.0006443588117564507, "final_val_loss_stderr": 0.0007052524028755188, "final_train_acc_stderr": 0.0, "final_val_acc_stderr": 0.0, "step_val_acc_99_stderr": 241.95193890676043}, "final_info_dict": {"final_train_loss": [0.002919218735769391, 0.0044424268417060375, 0.007563529070466757], "final_val_loss": [0.0030706580728292465, 0.004901701584458351, 0.008184916339814663], "final_train_acc": [1.0, 1.0, 1.0], "final_val_acc": [1.0, 1.0, 1.0], "step_val_acc_99": [2780, 2980, 1350]}}, "permutation": {"means": {"final_train_loss_mean": 0.02261535730212927, "final_val_loss_mean": 8.192323684692383, "final_train_acc_mean": 0.9987630248069763, "final_val_acc_mean": 0.011474609375, "step_val_acc_99_mean": 7500.0}, "stderrs": {"final_train_loss_stderr": 0.002919555054753529, "final_val_loss_stderr": 0.12444001578599895, "final_train_acc_stderr": 0.0003022657510269242, "final_val_acc_stderr": 0.0006544237240567936, "step_val_acc_99_stderr": 0.0}, "final_info_dict": {"final_train_loss": [0.024810686707496643, 0.010960386134684086, 0.03207499906420708], "final_val_loss": [8.7075777053833, 7.835013389587402, 8.034379959106445], "final_train_acc": [0.997851550579071, 1.0, 0.9984375238418579], "final_val_acc": [0.013427734375, 0.01220703125, 0.0087890625], "step_val_acc_99": [7500, 7500, 7500]}}}