{"final_train_loss": 0.005171285010874271, "final_val_loss": 0.005656439810991287, "final_train_acc": 1.0, "final_val_acc": 1.0, "step_val_acc_99": 3660}