{"circle": {"means": {"training_time": 34.07222032546997, "eval_loss": 0.44203533426575037, "inference_time": 3.0451090335845947, "kl_divergence": 0.3503934565570626}}, "dino": {"means": {"training_time": 33.56622076034546, "eval_loss": 0.6775901896874313, "inference_time": 3.015716314315796, "kl_divergence": 1.4172891851180127}}, "line": {"means": {"training_time": 33.91645908355713, "eval_loss": 0.8024294597413534, "inference_time": 2.9987576007843018, "kl_divergence": 0.14781409335984028}}, "moons": {"means": {"training_time": 33.299084186553955, "eval_loss": 0.6205949053892394, "inference_time": 3.0016796588897705, "kl_divergence": 0.09705021294589962}}}