{"circle": {"means": {"training_time": 56.58206510543823, "eval_loss": 0.44924858486865793, "inference_time": 2.858405828475952, "kl_divergence": 0.3588505895526408}}, "dino": {"means": {"training_time": 34.19667458534241, "eval_loss": 0.672373825631788, "inference_time": 2.8633947372436523, "kl_divergence": 1.4302274479159323}}, "line": {"means": {"training_time": 33.98233890533447, "eval_loss": 0.8084096593015334, "inference_time": 2.818507194519043, "kl_divergence": 0.15861919293884605}}, "moons": {"means": {"training_time": 34.073513984680176, "eval_loss": 0.621890916315186, "inference_time": 2.8677756786346436, "kl_divergence": 0.11175533083669509}}}