{"circle": {"means": {"temp_0.5": {"inference_time": 2.995028495788574, "kl_divergence": 1.3391578745589945}, "temp_0.8": {"inference_time": 3.162933588027954, "kl_divergence": 0.5754001716336498}, "temp_1.0": {"inference_time": 3.067793369293213, "kl_divergence": 0.3487294453134717}, "temp_1.2": {"inference_time": 2.9124083518981934, "kl_divergence": 0.3066557614301871}, "temp_1.5": {"inference_time": 2.9230077266693115, "kl_divergence": 0.5268620785545552}, "training_time": 33.73566174507141, "eval_loss": 0.4397931706417552}}, "dino": {"means": {"temp_0.5": {"inference_time": 2.7756564617156982, "kl_divergence": 1.16997040261322}, "temp_0.8": {"inference_time": 2.9166016578674316, "kl_divergence": 0.8917330175604563}, "temp_1.0": {"inference_time": 3.3570010662078857, "kl_divergence": 1.0205162123723261}, "temp_1.2": {"inference_time": 3.221137523651123, "kl_divergence": 1.2093924744394358}, "temp_1.5": {"inference_time": 3.2738046646118164, "kl_divergence": 1.5815461276531346}, "training_time": 37.054760217666626, "eval_loss": 0.6661509930935052}}, "line": {"means": {"temp_0.5": {"inference_time": 3.023257255554199, "kl_divergence": 0.6019648179246585}, "temp_0.8": {"inference_time": 2.9537193775177, "kl_divergence": 0.2940373790972101}, "temp_1.0": {"inference_time": 2.9170901775360107, "kl_divergence": 0.15372935461592274}, "temp_1.2": {"inference_time": 3.031585693359375, "kl_divergence": 0.0989454595759197}, "temp_1.5": {"inference_time": 2.9720299243927, "kl_divergence": 0.10277254364138984}, "training_time": 38.52481150627136, "eval_loss": 0.8014068612662117}}, "moons": {"means": {"temp_0.5": {"inference_time": 2.867251396179199, "kl_divergence": 0.4390268470423907}, "temp_0.8": {"inference_time": 2.776074171066284, "kl_divergence": 0.16615575361189552}, "temp_1.0": {"inference_time": 2.8007943630218506, "kl_divergence": 0.10619676025629202}, "temp_1.2": {"inference_time": 2.9725568294525146, "kl_divergence": 0.11704500542628248}, "temp_1.5": {"inference_time": 2.859143018722534, "kl_divergence": 0.24341772951143134}, "training_time": 35.45309591293335, "eval_loss": 0.6136505074055908}}}