{"final_train_loss": 0.9352980852127075, "best_val_loss": 1.0054246187210083, "total_train_time": 1942.3894338607788, "avg_inference_tokens_per_second": 550.0798466327642}