{"shakespeare_char": {"means": {"final_train_loss_mean": 0.8130850791931152, "best_val_loss_mean": 1.4662731091181438, "total_train_time_mean": 252.0891114870707, "avg_inference_tokens_per_second_mean": 541.76327879184}, "stderrs": {"final_train_loss_stderr": 0.003911538220812743, "best_val_loss_stderr": 0.002440815259110571, "total_train_time_stderr": 1.1324550208573407, "avg_inference_tokens_per_second_stderr": 2.829069811840188}, "final_info_dict": {"final_train_loss": [0.8249508738517761, 0.7971045970916748, 0.8171997666358948], "best_val_loss": [1.4641106128692627, 1.4761247634887695, 1.458583950996399], "total_train_time": [256.1834840774536, 252.21912956237793, 247.86472082138062], "avg_inference_tokens_per_second": [530.8860066712526, 542.8072818282504, 551.5965478760168]}}, "enwik8": {"means": {"final_train_loss_mean": 0.9352980852127075, "best_val_loss_mean": 1.0054246187210083, "total_train_time_mean": 1942.3894338607788, "avg_inference_tokens_per_second_mean": 550.0798466327642}, "stderrs": {"final_train_loss_stderr": 0.0, "best_val_loss_stderr": 0.0, "total_train_time_stderr": 0.0, "avg_inference_tokens_per_second_stderr": 0.0}, "final_info_dict": {"final_train_loss": [0.9352980852127075], "best_val_loss": [1.0054246187210083], "total_train_time": [1942.3894338607788], "avg_inference_tokens_per_second": [550.0798466327642]}}, "text8": {"means": {"final_train_loss_mean": 0.9938951730728149, "best_val_loss_mean": 0.9798159003257751, "total_train_time_mean": 1903.4028387069702, "avg_inference_tokens_per_second_mean": 527.3810510763543}, "stderrs": {"final_train_loss_stderr": 0.0, "best_val_loss_stderr": 0.0, "total_train_time_stderr": 0.0, "avg_inference_tokens_per_second_stderr": 0.0}, "final_info_dict": {"final_train_loss": [0.9938951730728149], "best_val_loss": [0.9798159003257751], "total_train_time": [1903.4028387069702], "avg_inference_tokens_per_second": [527.3810510763543]}}}