{"final_train_loss": 0.7971045970916748, "best_val_loss": 1.4761247634887695, "total_train_time": 252.21912956237793, "avg_inference_tokens_per_second": 542.8072818282504}