{"final_train_loss": 0.8249508738517761, "best_val_loss": 1.4641106128692627, "total_train_time": 256.1834840774536, "avg_inference_tokens_per_second": 530.8860066712526}