{"final_train_loss": 0.8171997666358948, "best_val_loss": 1.458583950996399, "total_train_time": 247.86472082138062, "avg_inference_tokens_per_second": 551.5965478760168}