{"final_train_loss": 0.9938951730728149, "best_val_loss": 0.9798159003257751, "total_train_time": 1903.4028387069702, "avg_inference_tokens_per_second": 527.3810510763543}