{"final_train_loss": 0.8320068717002869, "best_val_loss": 1.4787439107894897, "total_train_time": 260.0724971294403, "avg_inference_tokens_per_second": 531.8145557594137}