{"shakespeare_char": {"means": {"final_train_loss_mean": 0.8320068717002869, "best_val_loss_mean": 1.4787439107894897, "total_train_time_mean": 260.0724971294403, "avg_inference_tokens_per_second_mean": 531.8145557594137}, "stderrs": {"final_train_loss_stderr": 0.0, "best_val_loss_stderr": 0.0, "total_train_time_stderr": 0.0, "avg_inference_tokens_per_second_stderr": 0.0}, "final_info_dict": {"final_train_loss": [0.8320068717002869], "best_val_loss": [1.4787439107894897], "total_train_time": [260.0724971294403], "avg_inference_tokens_per_second": [531.8145557594137]}}}