{"circle": {"means": {"training_time": 34.25289821624756, "eval_loss": 0.43849108517169955, "inference_time": 3.6431477069854736, "kl_divergence": 0.36269797693357253}}, "dino": {"means": {"training_time": null, "eval_loss": 2.559201955795288, "inference_time": 2.9960455894470215, "kl_divergence": 12.578209296007424}}, "line": {"means": {"training_time": null, "eval_loss": 2.789419102668762, "inference_time": 3.070289134979248, "kl_divergence": 6.4452121961730615}}, "moons": {"means": {"training_time": null, "eval_loss": 2.2590253591537475, "inference_time": 2.971243143081665, "kl_divergence": 8.347450327352897}}}